id,name,age,salary,department,start_date,performance_score,is_manager
1,Person_1,56,70585.6669482087,Engineering,2020-01-01,4.74509285263983,False
2,Person_2,69,39833.20860509924,Engineering,2020-01-02,7.836502858298168,False
3,Person_3,46,67302.97808011803,Marketing,2020-01-03,2.690585672839967,False
4,Person_4,32,44374.840574452784,Finance,2020-01-04,7.478123080192175,False
5,Person_5,60,39587.81069738759,Marketing,2020-01-05,8.802401215166952,True
6,Person_6,25,51239.83939167547,Sales,2020-01-06,5.0855216329752135,False
7,Person_7,78,55136.85377011271,Engineering,2020-01-07,8.39288792478334,True
8,Person_8,38,78672.94409764142,Sales,2020-01-08,5.99191613231586,False
9,Person_9,56,54793.06368303072,HR,2020-01-09,6.7338175337281445,False
10,Person_10,75,52899.170927740786,HR,2020-01-10,5.736506143043824,False
11,Person_11,36,73942.1441585245,Marketing,2020-01-11,5.168554450762076,False
12,Person_12,40,59015.80916317305,Finance,2020-01-12,3.1118809759826442,False
13,Person_13,28,40335.87229748078,Sales,2020-01-13,3.7287465351494147,False
14,Person_14,28,70339.55577962288,Finance,2020-01-14,3.609731070492481,False
15,Person_15,41,38905.71845855971,Marketing,2020-01-15,5.745386628237309,False
16,Person_16,70,40261.29082499436,HR,2020-01-16,2.0795832372150094,False
17,Person_17,53,37272.1895091813,Finance,2020-01-17,9.251125216321016,False
18,Person_18,57,35956.32457583066,Finance,2020-01-18,7.485896307548019,False
19,Person_19,41,54997.59942259737,HR,2020-01-19,4.6130106782187426,False
20,Person_20,20,46131.46753184685,Sales,2020-01-20,2.427617300737402,False
22,Person_22,70,45976.05407075731,Finance,2020-01-22,8.414002810910487,False
23,Person_23,19,42231.316162915486,Sales,2020-01-23,7.495493974454614,True
24,Person_24,41,63392.38046448283,Sales,2020-01-24,3.4439234267011813,False
25,Person_25,61,41551.12082809456,HR,2020-01-25,4.62201973690302,True
26,Person_26,47,88088.86686816339,Finance,2020-01-26,1.9247342720718104,False
27,Person_27,55,70951.90368155364,Marketing,2020-01-27,2.7013557225477856,False
28,Person_28,19,44151.34413485333,Finance,2020-01-28,8.047149735850596,False
29,Person_29,77,67244.34618249623,Engineering,2020-01-29,7.435348469656154,False
30,Person_30,38,57878.175690364216,Marketing,2020-01-30,6.341371866783412,False
31,Person_31,50,53501.986947203644,Sales,2020-01-31,9.061540533335556,False
32,Person_32,29,62039.78383411144,Marketing,2020-02-01,6.249398660317409,False
33,Person_33,75,50811.063113907294,Sales,2020-02-02,5.202711999672497,False
34,Person_34,39,53605.267341162165,Sales,2020-02-03,5.745386628237309,False
35,Person_35,78,62350.287744184476,Marketing,2020-02-04,9.464036551625552,False
36,Person_36,61,51239.83939167547,Sales,2020-02-05,1.7444391537191815,False
37,Person_37,42,51239.83939167547,Sales,2020-02-06,9.377986348547276,False
38,Person_38,66,43193.05002541766,Engineering,2020-02-07,8.440431939379165,False
39,Person_39,44,19561.53717359017,Finance,2020-02-08,2.1693693208213114,False
40,Person_40,76,79419.55207945456,Finance,2020-02-09,6.084859219077282,False
41,Person_41,59,46051.3743114206,Engineering,2020-02-10,8.798931835741783,False
42,Person_42,45,58022.139351219004,Marketing,2020-02-11,6.146282472464383,False
43,Person_43,77,78588.60855390491,HR,2020-02-12,9.1647983940456,True
44,Person_44,33,53414.034813957376,HR,2020-02-13,9.486854351344382,False
45,Person_45,32,47079.9460718378,HR,2020-02-14,4.801460699658753,False
46,Person_46,79,71295.09466315617,Engineering,2020-02-15,4.395822952656912,False
47,Person_47,79,56911.05601345879,Engineering,2020-02-16,9.42689038572241,False
48,Person_48,64,58791.58407085101,Sales,2020-02-17,7.076260550347013,False
49,Person_49,79,27152.58694292359,HR,2020-02-18,2.0442041321335234,False
50,Person_50,68,68088.72810863878,Marketing,2020-02-19,1.3806257430041309,False
51,Person_51,61,55633.82101987468,Marketing,2020-02-20,6.081661458975368,True
52,Person_52,72,29426.15930415314,HR,2020-02-21,9.37153868894582,False
53,Person_53,69,57276.411674199124,HR,2020-02-22,8.598238321652365,False
54,Person_54,74,19062.11489132376,HR,2020-02-23,7.082629718179028,False
55,Person_55,20,85129.62803769493,Engineering,2020-02-24,2.2520426400197877,False
56,Person_56,54,33472.17800027359,Engineering,2020-02-25,3.2880824537382605,True
57,Person_57,68,74176.89148577653,Engineering,2020-02-26,8.879601038973545,False
58,Person_58,24,37805.6667782202,Finance,2020-02-27,2.6452651299121044,False
59,Person_59,38,58403.385664560796,Marketing,2020-02-28,3.505954674253911,False
60,Person_60,26,51239.83939167547,Marketing,2020-02-29,2.1664058607589776,False
61,Person_61,56,64956.7283284673,Sales,2020-03-01,5.745386628237309,False
62,Person_62,35,51239.83939167547,Engineering,2020-03-02,9.495840748268886,False
63,Person_63,21,57016.69319311564,Finance,2020-03-03,5.745386628237309,False
64,Person_64,42,50225.96572368492,Finance,2020-03-04,5.2786594706506635,False
65,Person_65,77,29515.028202745165,Marketing,2020-03-05,6.709057657400838,True
66,Person_66,31,57561.60289535801,Engineering,2020-03-06,9.995196233940677,False
67,Person_67,67,51239.83939167547,Sales,2020-03-07,1.943272584978149,False
68,Person_68,75,65679.69189511416,Engineering,2020-03-08,5.487137195551382,False
69,Person_69,26,46462.102877739846,HR,2020-03-09,4.4660810791225005,False
70,Person_70,43,48848.54136457502,Engineering,2020-03-10,8.792381487001197,False
71,Person_71,70,75243.89696559405,HR,2020-03-11,5.283709579104903,False
72,Person_72,19,85724.55191761925,HR,2020-03-12,1.9987977212663328,False
73,Person_73,37,61790.50933568124,Sales,2020-03-13,6.709817307579253,False
74,Person_74,45,45692.89853864922,Marketing,2020-03-14,7.937025564374918,False
75,Person_75,64,44380.08007465784,Engineering,2020-03-15,1.0259312649905312,False
76,Person_76,77,37719.8452202213,HR,2020-03-16,8.730610168785667,False
77,Person_77,24,40621.42724669665,Engineering,2020-03-17,2.6742070000509908,False
78,Person_78,61,45895.85384744047,Marketing,2020-03-18,5.968624281880401,True
79,Person_79,78,79463.7945049235,Marketing,2020-03-19,4.742177506187051,False
80,Person_80,25,47041.674937197145,Finance,2020-03-20,7.476884349494774,False
81,Person_81,64,31609.204937028462,Marketing,2020-03-21,4.340454533071677,False
82,Person_82,52,50624.97900688074,Sales,2020-03-22,8.827868590135397,False
83,Person_83,31,52671.926386415966,HR,2020-03-23,7.574467248629112,False
84,Person_84,34,50534.53189775684,Finance,2020-03-24,6.829418539566293,True
85,Person_85,53,61995.36833877811,Sales,2020-03-25,8.166165360065689,False
86,Person_86,67,51035.0826703855,Engineering,2020-03-26,5.745386628237309,False
87,Person_87,57,61530.912382209935,HR,2020-03-27,1.32344807429398,False
88,Person_88,21,38294.84968913427,Marketing,2020-03-28,4.552609184603453,False
89,Person_89,19,76710.94157217834,HR,2020-03-29,5.745386628237309,False
90,Person_90,79,53787.19682515378,Engineering,2020-03-30,2.131518420930036,False
91,Person_91,23,51239.83939167547,Finance,2020-03-31,7.633868953888461,False
92,Person_92,71,38232.321592800465,Finance,2020-04-01,9.771326302017966,False
93,Person_93,59,57077.40486899594,Finance,2020-04-02,1.4697876614047447,False
94,Person_94,21,59765.97585005456,Marketing,2020-04-03,7.139744925639494,False
95,Person_95,71,32453.47349262365,Sales,2020-04-04,5.213387271709274,False
96,Person_96,46,25113.62617418515,Sales,2020-04-05,6.2125772983725,False
97,Person_97,35,54404.990354141984,HR,2020-04-06,1.7680720283589237,True
98,Person_98,43,42668.45264816701,Marketing,2020-04-07,1.3870625668024554,False
99,Person_99,61,53898.82203703594,Finance,2020-04-08,7.001799944958295,False
100,Person_100,51,30634.458936528274,Finance,2020-04-09,8.40978486838646,False
101,Person_101,27,26592.41128425994,Engineering,2020-04-10,8.038138014396704,True
102,Person_102,79,51239.83939167547,Engineering,2020-04-11,5.894251550796136,True
103,Person_103,53,44753.243585647215,Finance,2020-04-12,1.8988013902256036,False
104,Person_104,31,18339.507182747322,Finance,2020-04-13,7.192399994524124,False
105,Person_105,48,70146.48227161594,Marketing,2020-04-14,3.1769999519873133,False
106,Person_106,65,30385.14397724364,Sales,2020-04-15,9.199618324906453,False
108,Person_108,25,40639.74906667132,Sales,2020-04-17,7.3844467037865185,False
109,Person_109,31,51239.83939167547,Marketing,2020-04-18,9.539613602480173,False
110,Person_110,40,74704.23515580778,Finance,2020-04-19,1.2827963936014564,False
111,Person_111,77,72191.50891743237,Sales,2020-04-20,7.625803825546858,False
113,Person_113,79,27153.856416794704,Finance,2020-04-22,9.154592971177287,False
114,Person_114,57,32962.01753739129,HR,2020-04-23,3.4000767699577983,True
115,Person_115,38,53389.95911141045,Sales,2020-04-24,7.523708493835153,False
116,Person_116,33,62596.21156846571,Sales,2020-04-25,8.898823176857032,False
117,Person_117,62,49831.58834930543,Finance,2020-04-26,1.3749113654441418,False
118,Person_118,35,25430.089464299166,Marketing,2020-04-27,4.578828216328326,False
119,Person_119,64,57448.67238447199,HR,2020-04-28,7.860781288197448,False
120,Person_120,70,47086.22917648948,Finance,2020-04-29,5.0942700055682835,True
122,Person_122,43,15830.743732841642,Engineering,2020-05-01,2.97824813940871,False
123,Person_123,42,61962.26306717472,HR,2020-05-02,2.183664402247401,False
124,Person_124,77,52178.060904281876,Marketing,2020-05-03,8.71416603870654,True
125,Person_125,77,76927.46834958445,Finance,2020-05-04,6.178198629264004,False
126,Person_126,77,48882.38530203241,Sales,2020-05-05,1.6874645049231038,False
127,Person_127,62,58495.10195778534,HR,2020-05-06,4.4432229121357185,False
128,Person_128,58,62477.272641578944,Marketing,2020-05-07,4.309602857245989,False
129,Person_129,46,23807.57662008213,Sales,2020-05-08,2.6356527163851666,False
131,Person_131,62,43538.11418116075,Engineering,2020-05-10,3.988894288538228,False
132,Person_132,18,57418.49903213727,Sales,2020-05-11,4.076233349429643,False
133,Person_133,42,51239.83939167547,HR,2020-05-12,7.651239020091628,False
134,Person_134,24,37778.23808014554,Engineering,2020-05-13,3.009370469546767,False
135,Person_135,26,77704.70497171405,Finance,2020-05-14,6.7767396296981985,False
136,Person_136,41,53989.32904031649,Sales,2020-05-15,6.135846614928414,False
137,Person_137,18,51239.83939167547,Sales,2020-05-16,6.1128326110408056,False
138,Person_138,61,52077.61943582664,Engineering,2020-05-17,6.967066115275983,False
139,Person_139,25,61463.78297913535,HR,2020-05-18,5.745386628237309,True
140,Person_140,41,50161.9724721455,Finance,2020-05-19,8.913296033617462,False
141,Person_141,28,63228.948655748594,HR,2020-05-20,7.080220827552338,False
142,Person_142,68,51239.83939167547,Marketing,2020-05-21,5.9226692623424935,True
143,Person_143,34,38780.45015260264,Marketing,2020-05-22,8.467868082588804,False
144,Person_144,25,17917.99527786027,Engineering,2020-05-23,6.455319084401317,False
145,Person_145,52,79955.12235264419,Engineering,2020-05-24,3.620298230066611,False
146,Person_146,52,79759.88191527402,Engineering,2020-05-25,2.863854263589141,False
147,Person_147,50,59399.24101299477,Marketing,2020-05-26,2.370950070964109,False
148,Person_148,76,34810.72893630453,HR,2020-05-27,5.745386628237309,True
149,Person_149,22,85848.17408327485,HR,2020-05-28,7.3912188861825925,True
150,Person_150,59,40933.78282802432,Engineering,2020-05-29,9.436405943478887,False
152,Person_152,75,52393.00108596084,HR,2020-05-31,5.260607933454213,False
153,Person_153,58,51239.83939167547,Marketing,2020-06-01,1.537448400738004,False
154,Person_154,45,59657.03902556478,Sales,2020-06-02,7.044780533914268,False
155,Person_155,24,60259.424562116765,Sales,2020-06-03,6.23987883791408,False
156,Person_156,26,47832.13871969143,Sales,2020-06-04,9.911880042288592,True
157,Person_157,25,60021.51427635069,Finance,2020-06-05,3.152429000040187,True
158,Person_158,29,47161.88510756484,Engineering,2020-06-06,5.776636197581523,True
159,Person_159,51,51239.83939167547,Marketing,2020-06-07,6.858616016062654,False
160,Person_160,50,57459.37666746163,Finance,2020-06-08,6.801320572681092,False
161,Person_161,65,61442.709361971814,Marketing,2020-06-09,6.0516418865356245,False
162,Person_162,72,59569.50048531448,Marketing,2020-06-10,7.992352092945029,True
163,Person_163,40,43363.51437633054,Engineering,2020-06-11,2.844830885741348,False
164,Person_164,79,56880.65257338519,Sales,2020-06-12,7.530644802469743,True
165,Person_165,41,59800.996068723296,Engineering,2020-06-13,5.745386628237309,False
166,Person_166,54,30633.134165769414,Finance,2020-06-14,9.06467600615116,False
167,Person_167,52,45889.33464153456,Finance,2020-06-15,8.624749951302235,False
168,Person_168,61,59121.708368275,Finance,2020-06-16,3.8363233521929794,False
169,Person_169,57,75639.38742094433,Engineering,2020-06-17,3.4861359247763777,False
170,Person_170,39,62373.50279193101,Marketing,2020-06-18,9.834879914672031,False
171,Person_171,44,76585.66980466394,Marketing,2020-06-19,5.745386628237309,False
172,Person_172,52,44024.39914734577,HR,2020-06-20,9.15778867522993,False
173,Person_173,18,53752.85738371465,Finance,2020-06-21,2.47492921402434,False
174,Person_174,52,62086.02949289177,Marketing,2020-06-22,6.785370233201569,False
175,Person_175,54,15104.724297503344,HR,2020-06-23,8.288741686245276,False
176,Person_176,64,72662.0482717179,Marketing,2020-06-24,9.52655724627802,True
177,Person_177,31,22086.3517871803,Finance,2020-06-25,4.036061269153212,False
178,Person_178,20,51239.83939167547,Sales,2020-06-26,7.524830529316472,False
179,Person_179,18,60302.47685813969,Finance,2020-06-27,5.849317081356571,False
180,Person_180,22,14906.104962276702,Engineering,2020-06-28,1.5456603345982138,False
181,Person_181,43,15664.081146005039,Marketing,2020-06-29,7.20999763578049,False
182,Person_182,72,71487.22876178758,Marketing,2020-06-30,7.210869024140591,False
183,Person_183,31,68220.83089529822,Engineering,2020-07-01,9.375461243618833,True
184,Person_184,56,36787.04533267609,Engineering,2020-07-02,5.475812015520752,False
185,Person_185,44,36771.816574339035,Sales,2020-07-03,3.072258286394632,True
186,Person_186,26,57689.07458564331,Marketing,2020-07-04,1.4010744110381124,False
187,Person_187,32,49808.83774267448,Marketing,2020-07-05,4.740779680173151,False
188,Person_188,32,51239.83939167547,Sales,2020-07-06,3.7172503006975166,True
189,Person_189,43,57193.7138664963,HR,2020-07-07,7.84979475421488,False
190,Person_190,59,51239.83939167547,Sales,2020-07-08,4.1884098835694195,False
191,Person_191,77,64551.1666687059,Finance,2020-07-09,9.541640766833595,False
192,Person_192,30,60811.59573710866,Marketing,2020-07-10,9.660791826890058,False
193,Person_193,68,44718.12919544489,Engineering,2020-07-11,6.588177311959372,False
195,Person_195,56,51239.83939167547,Marketing,2020-07-13,7.84768910063046,False
196,Person_196,66,51239.83939167547,Sales,2020-07-14,5.921736768776135,True
197,Person_197,69,43905.87905915324,Finance,2020-07-15,2.6227714188050033,False
198,Person_198,78,53907.93480611024,Marketing,2020-07-16,5.1273814916245595,True
199,Person_199,49,16327.95638439036,HR,2020-07-17,6.047870170263558,False
200,Person_200,21,60137.13095066121,HR,2020-07-18,8.775654226615092,False
201,Person_201,47,83857.9742163971,Engineering,2020-07-19,5.332000388820984,False
202,Person_202,54,35995.428361056125,Marketing,2020-07-20,9.07907205410161,False
204,Person_204,56,52733.6090698498,Sales,2020-07-22,2.2329915674830425,False
206,Person_206,32,44216.92640048133,Sales,2020-07-24,5.745093946785214,False
207,Person_207,60,69956.57844903624,Sales,2020-07-25,4.52672466768171,False
208,Person_208,46,51239.83939167547,HR,2020-07-26,6.932023880225739,True
209,Person_209,53,60771.47822377525,Marketing,2020-07-27,1.9800398258293517,True
210,Person_210,30,51239.83939167547,Finance,2020-07-28,6.72884782078019,False
211,Person_211,49,32333.2168776147,HR,2020-07-29,5.484124004493457,True
212,Person_212,24,39796.07619209138,HR,2020-07-30,4.660066629987249,False
213,Person_213,76,24808.110769973144,Marketing,2020-07-31,9.577180190610093,False
214,Person_214,68,40924.05386012145,Marketing,2020-08-01,5.702857450588479,False
215,Person_215,39,61428.784796534994,Sales,2020-08-02,2.9720573152294456,False
216,Person_216,45,53189.83643574529,Marketing,2020-08-03,5.130671314395688,False
217,Person_217,19,63017.735549947734,Sales,2020-08-04,9.274486641154054,False
218,Person_218,59,35952.28973754895,HR,2020-08-05,2.584859241975352,False
219,Person_219,62,36867.124597822,Engineering,2020-08-06,2.925613348194132,False
220,Person_220,79,53069.15314287369,Finance,2020-08-07,1.1172661098137537,False
221,Person_221,74,40960.28292042027,HR,2020-08-08,1.1277104445619046,False
222,Person_222,70,69527.73752240142,Marketing,2020-08-09,5.745386628237309,False
223,Person_223,23,40588.716734337846,Finance,2020-08-10,7.589103461586602,False
224,Person_224,45,42569.1613560313,Engineering,2020-08-11,4.195369508067625,False
225,Person_225,45,56282.591208027305,Engineering,2020-08-12,7.284800415048155,False
226,Person_226,61,44160.677124087604,Sales,2020-08-13,4.556853336789732,False
227,Person_227,61,31475.8340969388,Finance,2020-08-14,9.576071163980448,True
228,Person_228,37,33509.66262751867,Sales,2020-08-15,9.703474132834314,False
229,Person_229,47,58066.489376104335,HR,2020-08-16,4.53514398228409,False
230,Person_230,79,29619.327281569094,Finance,2020-08-17,8.687997157067812,True
231,Person_231,28,70957.46641323216,HR,2020-08-18,7.957801375277196,True
232,Person_232,75,39644.010735473756,Sales,2020-08-19,3.789999434546104,True
233,Person_233,72,59243.237254520915,Finance,2020-08-20,3.0883584601099536,False
234,Person_234,45,40543.810639555486,Sales,2020-08-21,5.124111853535505,False
235,Person_235,42,36271.37930005453,Finance,2020-08-22,8.032139565529656,False
236,Person_236,56,53691.55523435273,Sales,2020-08-23,9.641510062558709,False
237,Person_237,79,65776.7520052385,Engineering,2020-08-24,7.872211619799153,True
238,Person_238,50,46289.48373709843,Sales,2020-08-25,8.696862865165329,False
239,Person_239,18,49017.839693638096,Engineering,2020-08-26,6.427578755534649,False
240,Person_240,74,62111.26041624202,Sales,2020-08-27,5.745386628237309,False
241,Person_241,44,62607.90875377334,Finance,2020-08-28,8.059787722030759,True
242,Person_242,79,49422.62419970388,Finance,2020-08-29,4.392869877336521,False
243,Person_243,74,51239.83939167547,Finance,2020-08-30,5.96791271908649,False
244,Person_244,69,51239.83939167547,Marketing,2020-08-31,8.242778097907253,True
245,Person_245,30,47136.327629174855,HR,2020-09-01,1.4145106077096075,True
246,Person_246,58,54694.612277252774,Finance,2020-09-02,8.272713541202469,False
247,Person_247,20,32085.94359731371,Engineering,2020-09-03,2.600993116441211,True
248,Person_248,56,54157.7236903812,Finance,2020-09-04,5.632152554092951,False
249,Person_249,23,39225.44875743877,Marketing,2020-09-05,8.274478956003438,False
250,Person_250,25,63588.314172357546,Engineering,2020-09-06,5.745386628237309,False
251,Person_251,44,39912.98225944227,Marketing,2020-09-07,3.212266953755377,False
252,Person_252,26,51239.83939167547,Engineering,2020-09-08,4.624879586160267,True
253,Person_253,79,56680.982366176104,Sales,2020-09-09,9.051785178198712,True
254,Person_254,54,50213.178332242955,HR,2020-09-10,1.003985032934871,False
255,Person_255,50,51239.83939167547,HR,2020-09-11,9.112447869777414,False
256,Person_256,68,25560.460841686214,Marketing,2020-09-12,2.38426322177447,False
257,Person_257,59,51647.794204321166,HR,2020-09-13,9.91077738460734,False
258,Person_258,61,51239.83939167547,Marketing,2020-09-14,9.593622937346213,False
259,Person_259,41,41325.29115609049,Marketing,2020-09-15,5.45207670632155,True
260,Person_260,32,36341.6323289018,Marketing,2020-09-16,5.614482230313653,False
261,Person_261,76,36937.030285305074,HR,2020-09-17,5.333944062482688,True
262,Person_262,71,25820.582305248732,Marketing,2020-09-18,6.7189928109357036,False
263,Person_263,49,70245.56940966043,HR,2020-09-19,1.8164953201143792,False
264,Person_264,49,51239.83939167547,Marketing,2020-09-20,1.2935615350740985,False
265,Person_265,41,43279.59290299654,Finance,2020-09-21,1.5193263557430896,False
266,Person_266,58,18138.528885047395,Marketing,2020-09-22,4.999288143173629,False
267,Person_267,69,28494.371413071727,Engineering,2020-09-23,3.4799314529753507,False
268,Person_268,66,71980.8463327864,Marketing,2020-09-24,6.598356061338944,False
269,Person_269,79,54546.58499150868,Sales,2020-09-25,9.931980604373011,False
270,Person_270,66,67497.51244887659,Marketing,2020-09-26,4.476908557688193,False
271,Person_271,75,65599.88659744745,Engineering,2020-09-27,6.16457128694062,False
272,Person_272,69,34990.695791405895,Engineering,2020-09-28,4.74043506316602,False
273,Person_273,29,86447.71592980954,HR,2020-09-29,8.625445009496733,False
274,Person_274,79,79245.98893401845,Finance,2020-09-30,9.120127631160143,False
275,Person_275,56,41543.503368154474,Marketing,2020-10-01,8.89620050984734,False
277,Person_277,20,51239.83939167547,Finance,2020-10-03,1.2476726662637376,False
278,Person_278,66,53574.44393182173,Marketing,2020-10-04,8.558345459309779,False
279,Person_279,54,41484.214478364636,Sales,2020-10-05,7.765949557351839,False
280,Person_280,66,51239.83939167547,Marketing,2020-10-06,5.745386628237309,False
281,Person_281,73,37570.12945493308,Engineering,2020-10-07,9.606880840487747,False
282,Person_282,34,63824.52077530771,Engineering,2020-10-08,5.745386628237309,True
283,Person_283,76,50954.49860552833,Sales,2020-10-09,7.115949344205175,False
284,Person_284,66,64272.71094414431,HR,2020-10-10,3.0240119513432124,False
285,Person_285,19,68333.05019311905,Finance,2020-10-11,4.882425838966672,False
286,Person_286,19,17385.146538700297,Marketing,2020-10-12,7.47243907250112,False
287,Person_287,45,38442.166837488454,Engineering,2020-10-13,6.06992177829742,False
288,Person_288,71,51239.83939167547,HR,2020-10-14,4.847516481953005,False
289,Person_289,40,51239.83939167547,Sales,2020-10-15,3.937045878387885,False
290,Person_290,54,52235.08050350486,Engineering,2020-10-16,8.556936901379114,False
291,Person_291,49,62188.40894544596,Sales,2020-10-17,2.294329152833323,False
292,Person_292,50,21789.62346088233,Marketing,2020-10-18,4.8709258887682,False
293,Person_293,18,52148.23178746282,Finance,2020-10-19,9.13381814597628,False
294,Person_294,36,64674.394731743865,Engineering,2020-10-20,8.612645954139708,False
295,Person_295,79,62929.47627590234,Engineering,2020-10-21,4.6084758622574205,True
296,Person_296,19,59350.99158374527,Marketing,2020-10-22,7.867975272411774,False
297,Person_297,70,50195.007597426884,HR,2020-10-23,8.408447476379735,True
299,Person_299,43,24601.00737935316,Engineering,2020-10-25,5.900551921443052,False
300,Person_300,49,51239.83939167547,Finance,2020-10-26,2.8401479744924063,False
301,Person_301,23,53464.15934582245,Engineering,2020-10-27,3.297781688535385,True
302,Person_302,49,39260.36289610692,Finance,2020-10-28,3.6612520663744377,False
303,Person_303,72,60332.57370549177,Sales,2020-10-29,5.745386628237309,False
304,Person_304,21,57001.73825397294,Engineering,2020-10-30,5.745386628237309,False
305,Person_305,72,70510.5538208299,Finance,2020-10-31,6.724382219019715,False
306,Person_306,28,64373.80739228857,HR,2020-11-01,4.2791881458540875,False
307,Person_307,73,51239.83939167547,Sales,2020-11-02,3.6571762224067794,True
308,Person_308,76,61219.706510928736,Sales,2020-11-03,8.915469136553138,False
309,Person_309,34,65076.53243449484,HR,2020-11-04,5.14002156022719,False
310,Person_310,55,42388.440711380266,Finance,2020-11-05,1.855477409794235,False
311,Person_311,41,45060.03502520297,Marketing,2020-11-06,8.440720912236223,False
312,Person_312,22,48547.60943909884,HR,2020-11-07,1.4287713169285594,True
313,Person_313,69,51239.83939167547,Finance,2020-11-08,7.54074301751377,False
314,Person_314,51,65235.30417595226,HR,2020-11-09,7.965155995935986,True
315,Person_315,23,40590.34187484044,HR,2020-11-10,4.173423453359724,False
316,Person_316,39,68774.77207099737,Engineering,2020-11-11,8.42309070650008,False
317,Person_317,28,44495.40201679426,Finance,2020-11-12,5.640934652708081,False
318,Person_318,65,57085.94964259037,Marketing,2020-11-13,5.169642879455171,False
319,Person_319,33,52496.22723144333,Engineering,2020-11-14,1.408629533218233,False
321,Person_321,26,49701.654057638145,HR,2020-11-16,9.379089737967698,False
322,Person_322,77,55004.65297175896,HR,2020-11-17,4.5264156695515005,False
323,Person_323,76,51239.83939167547,Finance,2020-11-18,5.920304685010915,True
324,Person_324,23,29859.401622405738,Finance,2020-11-19,5.7881951108582665,False
325,Person_325,33,75521.43865289257,Engineering,2020-11-20,6.31387980840424,False
326,Person_326,46,51315.49224292604,Marketing,2020-11-21,1.5519786007895435,False
327,Person_327,20,38085.46137254717,Engineering,2020-11-22,4.259586293188555,False
328,Person_328,37,74311.52035200912,Sales,2020-11-23,7.508154464942987,False
329,Person_329,77,59260.84714580488,HR,2020-11-24,2.8050422596568465,False
330,Person_330,76,31997.450053975863,HR,2020-11-25,2.832205397917244,False
331,Person_331,53,34332.57880400182,HR,2020-11-26,1.0908154602012226,False
332,Person_332,36,46664.07920168237,Engineering,2020-11-27,4.9373373394738875,False
333,Person_333,43,54459.60468274733,Engineering,2020-11-28,8.944609426060797,False
334,Person_334,20,59341.99747195883,HR,2020-11-29,1.467108492285781,False
335,Person_335,36,64252.67719292852,Engineering,2020-11-30,2.7200683854640237,False
336,Person_336,37,58093.58609600214,Finance,2020-12-01,3.7907608450847956,False
337,Person_337,49,70201.18967961494,Finance,2020-12-02,5.745386628237309,False
338,Person_338,24,51901.897395207045,Engineering,2020-12-03,6.765720335223278,False
339,Person_339,69,38605.40929282667,HR,2020-12-04,4.7434951412366955,False
340,Person_340,58,49949.7369551154,Engineering,2020-12-05,7.831620453325382,False
341,Person_341,50,48965.29009481312,Engineering,2020-12-06,6.486679104912117,False
344,Person_344,35,54713.05599425676,Finance,2020-12-09,3.2753224548028053,False
345,Person_345,57,43636.76652182321,Marketing,2020-12-10,3.442947198707802,False
346,Person_346,18,40306.85957265501,Marketing,2020-12-11,2.1282082821314705,False
347,Person_347,28,63670.64293706846,Sales,2020-12-12,4.032682531457109,False
348,Person_348,45,36251.81262836841,Engineering,2020-12-13,9.995895268471848,False
349,Person_349,74,60674.33975706234,Sales,2020-12-14,4.651760517535549,True
350,Person_350,42,51239.83939167547,Sales,2020-12-15,2.9843959122019577,False
352,Person_352,40,46764.71709648114,Finance,2020-12-17,5.882239031163905,False
353,Person_353,48,45151.02066055916,Marketing,2020-12-18,2.346413045742573,True
354,Person_354,47,67145.98854334878,Engineering,2020-12-19,4.426207130447792,True
355,Person_355,59,43719.42738790327,Marketing,2020-12-20,4.73022743985409,False
356,Person_356,52,71823.91712488499,Marketing,2020-12-21,7.784467305122967,False
357,Person_357,24,55573.9074572979,Finance,2020-12-22,1.1860423200271402,False
358,Person_358,77,48224.03149180656,Marketing,2020-12-23,3.4211768211847944,False
359,Person_359,33,46624.91144944437,Marketing,2020-12-24,5.658366711839698,False
360,Person_360,43,68113.88255645393,Sales,2020-12-25,3.41962068207559,True
361,Person_361,65,53457.308219052546,Finance,2020-12-26,6.65590642677099,False
362,Person_362,74,56484.63096786155,HR,2020-12-27,5.3368073134715495,False
363,Person_363,69,58115.02808905443,Engineering,2020-12-28,5.745386628237309,False
364,Person_364,77,51994.042778340365,Marketing,2020-12-29,5.745386628237309,False
365,Person_365,66,57798.08339524975,Engineering,2020-12-30,6.6894354926781165,False
366,Person_366,19,48225.14865978514,HR,2020-12-31,2.1694723504114712,False
367,Person_367,18,49252.87052260136,Engineering,2021-01-01,6.040825276990559,False
368,Person_368,65,33213.27607959937,HR,2021-01-02,8.026586678808108,True
369,Person_369,79,54466.40376377596,Sales,2021-01-03,7.376407277435176,True
370,Person_370,29,51239.83939167547,Marketing,2021-01-04,2.5488030636573344,False
371,Person_371,22,54253.37105916369,HR,2021-01-05,9.75177999136093,True
372,Person_372,54,45790.75975752778,Engineering,2021-01-06,5.039322811719454,False
373,Person_373,49,55618.77664176467,Marketing,2021-01-07,2.4312250336623515,False
374,Person_374,76,34267.57498877486,Sales,2021-01-08,2.621761787153331,False
375,Person_375,72,18209.639479420366,Marketing,2021-01-09,1.8841149297017243,False
376,Person_376,26,44737.02039539691,HR,2021-01-10,8.231662975914409,False
377,Person_377,58,34311.30996714353,Sales,2021-01-11,2.098274448896638,False
378,Person_378,52,51239.83939167547,Engineering,2021-01-12,2.126127314275722,False
380,Person_380,65,74018.5734071306,Sales,2021-01-14,4.101436760028037,False
381,Person_381,33,38045.72846338175,Finance,2021-01-15,1.2777211387726521,False
382,Person_382,20,48863.437591678194,Sales,2021-01-16,1.467057695665698,False
383,Person_383,37,45383.21574980282,Sales,2021-01-17,5.745386628237309,True
384,Person_384,41,40116.52367035695,Marketing,2021-01-18,2.920540131781206,False
385,Person_385,71,51239.83939167547,Engineering,2021-01-19,6.986315748145648,False
386,Person_386,73,65152.121906429275,Marketing,2021-01-20,2.415936520016454,False
387,Person_387,50,36970.89216101594,Marketing,2021-01-21,2.069869520593648,False
388,Person_388,41,50671.503006423554,HR,2021-01-22,7.8824722732865125,False
389,Person_389,69,69267.99550900841,Marketing,2021-01-23,7.03949755473923,False
390,Person_390,28,60335.54304822459,Finance,2021-01-24,4.9179179930971255,False
391,Person_391,66,62565.46157600733,Finance,2021-01-25,5.9437879433209355,False
392,Person_392,25,70519.77961163622,HR,2021-01-26,3.8078561829377664,False
393,Person_393,53,70322.67758559875,Engineering,2021-01-27,5.342503782118246,True
394,Person_394,55,65429.639454545984,Engineering,2021-01-28,5.560053840844712,True
395,Person_395,57,52174.06122171771,Marketing,2021-01-29,4.485135440602863,False
396,Person_396,37,44262.75473812862,Marketing,2021-01-30,9.159149896049465,False
397,Person_397,79,51552.16647969778,Marketing,2021-01-31,1.1445567848290552,False
399,Person_399,65,20712.696904839766,Sales,2021-02-02,2.119445481171919,False
400,Person_400,79,45807.514012999396,Finance,2021-02-03,8.177926244834795,True
401,Person_401,42,55362.89365755831,Sales,2021-02-04,6.5432072410904905,True
402,Person_402,52,41190.958733507316,Sales,2021-02-05,8.589502818427622,False
403,Person_403,42,47108.303191420884,Engineering,2021-02-06,1.8776289307680771,True
404,Person_404,46,47689.449260499016,Sales,2021-02-07,6.030825706897966,False
405,Person_405,35,51239.83939167547,HR,2021-02-08,5.509790922359774,False
406,Person_406,63,51239.83939167547,Marketing,2021-02-09,7.355738646670228,False
407,Person_407,35,70349.50073275181,HR,2021-02-10,5.8086149670430824,True
409,Person_409,71,70217.83671993554,Marketing,2021-02-12,4.866363492184583,True
410,Person_410,52,69461.09172293937,Sales,2021-02-13,3.7795098160660676,True
411,Person_411,33,63533.820100837875,Finance,2021-02-14,5.34037925126973,False
412,Person_412,78,19821.229951943427,Marketing,2021-02-15,2.0664312289156053,False
413,Person_413,58,65283.30492833722,Sales,2021-02-16,9.653620050847763,False
414,Person_414,53,49248.212364871244,HR,2021-02-17,7.429696872639385,False
416,Person_416,21,69472.66561752044,Sales,2021-02-19,3.040546440969669,False
417,Person_417,50,71662.59617823453,HR,2021-02-20,8.914069181588752,False
418,Person_418,31,21432.31892202243,Finance,2021-02-21,8.279109861071845,False
419,Person_419,38,52631.3161295017,Finance,2021-02-22,7.094371712119063,False
420,Person_420,65,51239.83939167547,Finance,2021-02-23,6.6252626747668515,False
421,Person_421,37,68452.4197018572,Finance,2021-02-24,3.8489469874108297,False
422,Person_422,73,62540.91576739286,Engineering,2021-02-25,8.347697064685278,False
423,Person_423,25,51239.83939167547,Marketing,2021-02-26,5.513639153317604,False
424,Person_424,24,60943.14149953721,Marketing,2021-02-27,1.6380241830215683,False
425,Person_425,20,46728.44152439086,Engineering,2021-02-28,3.81576844769617,False
426,Person_426,34,64937.86293077742,Sales,2021-03-01,9.417673886907949,False
427,Person_427,50,53842.42187650737,Sales,2021-03-02,8.656122345443617,False
429,Person_429,29,59613.557741138546,HR,2021-03-04,6.6519404434368825,False
430,Person_430,76,47421.29943392363,Sales,2021-03-05,3.2275906582637077,True
431,Person_431,68,49635.84080162087,HR,2021-03-06,5.745386628237309,True
432,Person_432,39,41671.64001306857,Marketing,2021-03-07,2.6822299654761546,False
433,Person_433,72,25918.865132231564,HR,2021-03-08,1.1781609251252894,False
434,Person_434,39,58517.80210656907,Marketing,2021-03-09,4.516138998873453,False
435,Person_435,63,37909.54520494145,Engineering,2021-03-10,2.7228491244958826,False
436,Person_436,47,46988.122009388986,Engineering,2021-03-11,4.704899144110322,False
437,Person_437,55,54304.609376809,Finance,2021-03-12,9.41494988654889,False
438,Person_438,55,18721.735346518417,Sales,2021-03-13,4.87486188556471,False
439,Person_439,62,22079.76644484765,Finance,2021-03-14,8.901860472863515,False
440,Person_440,68,45503.92135086196,Marketing,2021-03-15,6.449542899542888,False
441,Person_441,71,51239.83939167547,Finance,2021-03-16,3.2241839919525273,True
442,Person_442,25,61160.57405973742,HR,2021-03-17,4.202692833332902,True
443,Person_443,44,26130.282561861393,Marketing,2021-03-18,1.7552758223928646,False
445,Person_445,51,46323.95572525496,Sales,2021-03-20,7.097868509531806,False
446,Person_446,38,36752.641323552845,Marketing,2021-03-21,1.6489998363649168,True
447,Person_447,47,40271.72215910944,Marketing,2021-03-22,2.848612676302264,False
448,Person_448,50,62027.8599806025,HR,2021-03-23,4.432969372719803,True
449,Person_449,45,54110.08677628357,Sales,2021-03-24,9.838445833143663,True
450,Person_450,64,50754.59784132981,Engineering,2021-03-25,8.06375640662992,False
451,Person_451,50,53652.4360821185,Marketing,2021-03-26,7.601380718428935,False
452,Person_452,22,63921.4666492429,Marketing,2021-03-27,2.045718608729014,True
453,Person_453,77,48543.50648895015,HR,2021-03-28,8.028963042534922,True
454,Person_454,78,51239.83939167547,Finance,2021-03-29,8.067419303644137,False
455,Person_455,65,67072.56110206708,Engineering,2021-03-30,6.409924260618954,True
456,Person_456,36,51239.83939167547,Sales,2021-03-31,9.913256037985347,False
457,Person_457,21,59272.108929210226,Marketing,2021-04-01,3.9272851533209674,False
458,Person_458,52,51239.83939167547,Marketing,2021-04-02,9.471452034176664,True
459,Person_459,66,43761.98987882323,Engineering,2021-04-03,9.232580034608532,True
460,Person_460,34,48439.25364800545,Finance,2021-04-04,1.1033259377444007,False
461,Person_461,61,57729.09279480148,Marketing,2021-04-05,5.051048738273299,False
462,Person_462,45,67912.72943826603,Engineering,2021-04-06,9.79393809746416,False
463,Person_463,47,51448.178953081624,HR,2021-04-07,1.928092261672682,False
464,Person_464,46,27502.446330146835,Finance,2021-04-08,5.930062249449875,False
465,Person_465,63,51239.83939167547,Sales,2021-04-09,9.810617563369936,False
466,Person_466,70,51239.83939167547,Marketing,2021-04-10,5.999458816952742,False
467,Person_467,23,51630.032466010256,Engineering,2021-04-11,2.708337726749404,False
468,Person_468,52,51239.83939167547,HR,2021-04-12,6.239649070833308,False
469,Person_469,77,52544.79334206277,Sales,2021-04-13,2.8399651655459217,False
470,Person_470,58,49954.81095224241,Engineering,2021-04-14,5.745386628237309,False
471,Person_471,54,48693.367349564156,Engineering,2021-04-15,1.666379961211132,False
472,Person_472,41,64181.14849965699,Sales,2021-04-16,6.449344022929642,True
473,Person_473,46,70674.12179503587,HR,2021-04-17,5.651109452153424,False
474,Person_474,66,60253.78617801624,HR,2021-04-18,7.661452318853168,False
475,Person_475,63,48004.128729933975,Finance,2021-04-19,6.676304240429065,True
476,Person_476,70,66885.18176554445,Marketing,2021-04-20,5.94645641677681,True
477,Person_477,48,27592.55538178639,Sales,2021-04-21,7.2080096432330905,False
478,Person_478,52,39259.158188990084,Sales,2021-04-22,2.295477222150078,False
479,Person_479,77,40930.58332097405,Sales,2021-04-23,6.358236951327436,False
480,Person_480,50,49535.74028102098,HR,2021-04-24,2.548995425404999,False
481,Person_481,69,57601.01993730257,Marketing,2021-04-25,9.329699870666929,False
482,Person_482,78,46989.305774940745,Finance,2021-04-26,1.615006943610438,True
483,Person_483,38,36409.46308246588,Engineering,2021-04-27,4.8733727472171395,False
484,Person_484,49,64622.754270441954,Engineering,2021-04-28,7.262177298899004,False
486,Person_486,50,51531.9338130655,Marketing,2021-04-30,1.828857279096121,False
487,Person_487,20,58266.016182138614,HR,2021-05-01,5.9804111451403665,False
488,Person_488,35,50583.1641188442,Marketing,2021-05-02,6.774687179446191,True
489,Person_489,42,50649.07542116435,Marketing,2021-05-03,7.334130798914569,False
490,Person_490,59,65457.10130653744,HR,2021-05-04,5.745386628237309,True
491,Person_491,48,51239.83939167547,Sales,2021-05-05,6.07293973925886,False
492,Person_492,71,62941.954786857335,Marketing,2021-05-06,5.056178274450218,True
493,Person_493,75,58170.01166477585,Engineering,2021-05-07,7.0485043487702805,True
494,Person_494,20,80253.31316280374,HR,2021-05-08,6.2520127059233666,False
495,Person_495,57,56141.20126803695,Finance,2021-05-09,5.731805976032214,False
496,Person_496,63,59569.59905226159,Sales,2021-05-10,5.745386628237309,False
497,Person_497,41,66524.85070994552,HR,2021-05-11,1.0181666597341053,True
498,Person_498,67,50954.26639925255,Finance,2021-05-12,2.5667350778028633,True
499,Person_499,49,40432.20354905839,Finance,2021-05-13,2.0535943728175177,False
500,Person_500,64,42887.816283148146,Marketing,2021-05-14,5.04176270509852,True
501,Person_501,39,43032.39611746268,Marketing,2021-05-15,6.510323356856602,True
502,Person_502,40,35745.03547704923,Marketing,2021-05-16,2.9177650781632734,False
503,Person_503,19,54767.07753802826,HR,2021-05-17,9.451513863704683,False
504,Person_504,44,51239.83939167547,HR,2021-05-18,1.06013916301499,False
505,Person_505,59,52922.79231802771,Sales,2021-05-19,7.950709136488086,False
507,Person_507,43,49375.677600612275,Finance,2021-05-21,4.361993209429137,False
508,Person_508,34,58340.84971743284,Engineering,2021-05-22,1.4544004997116713,False
509,Person_509,57,41871.51313417178,Sales,2021-05-23,6.6473791460585145,False
510,Person_510,50,59583.3656890516,HR,2021-05-24,4.470521615790832,True
511,Person_511,26,73509.61799958428,Sales,2021-05-25,9.426404254718973,False
512,Person_512,60,55146.63624427638,Sales,2021-05-26,5.877910674007893,True
513,Person_513,71,38268.56472091297,Sales,2021-05-27,5.745386628237309,False
514,Person_514,65,40774.72982990305,Sales,2021-05-28,2.984353241259737,True
516,Person_516,46,41076.64554395651,Marketing,2021-05-30,6.555241187638531,False
517,Person_517,59,35132.29535584925,Finance,2021-05-31,7.654674068481807,True
518,Person_518,72,52316.10915442538,Sales,2021-06-01,2.932010775752831,True
519,Person_519,43,46682.04002411302,Sales,2021-06-02,6.984950646139963,False
520,Person_520,52,52845.81325337087,Sales,2021-06-03,5.482363537511821,False
521,Person_521,67,67795.81118322932,Marketing,2021-06-04,7.685424774156846,False
522,Person_522,42,46454.70749113461,HR,2021-06-05,3.94340179736636,False
523,Person_523,41,32218.699929795333,HR,2021-06-06,9.010513229187273,False
524,Person_524,30,44016.61261619673,Engineering,2021-06-07,1.7587118315021533,False
525,Person_525,77,61556.37825674964,HR,2021-06-08,8.264703869120693,False
526,Person_526,75,51239.83939167547,Sales,2021-06-09,8.751876632335817,False
527,Person_527,24,57779.59471420351,Sales,2021-06-10,5.745386628237309,False
528,Person_528,74,40629.39915256845,Sales,2021-06-11,5.614537548355984,False
529,Person_529,53,61278.53927049048,Engineering,2021-06-12,4.945464820276852,False
530,Person_530,62,64653.48617055599,Sales,2021-06-13,9.966360578723892,False
531,Person_531,37,51239.83939167547,HR,2021-06-14,5.745386628237309,False
532,Person_532,18,49376.44853686213,Marketing,2021-06-15,5.921883692884402,True
533,Person_533,25,51239.83939167547,Marketing,2021-06-16,7.03607972844093,True
534,Person_534,63,38901.885853049185,Finance,2021-06-17,7.307808722752887,False
535,Person_535,33,24423.69996134413,HR,2021-06-18,5.745386628237309,False
536,Person_536,31,70743.56651697197,Sales,2021-06-19,6.885946831058211,False
537,Person_537,29,67049.0715755684,Marketing,2021-06-20,8.365326098332035,True
538,Person_538,68,43145.49014633863,HR,2021-06-21,1.45016719139001,False
539,Person_539,40,48305.1232719787,Marketing,2021-06-22,9.203691639927849,False
540,Person_540,32,51239.83939167547,Sales,2021-06-23,1.2655364963068534,True
541,Person_541,45,51334.284089145534,Marketing,2021-06-24,4.203739292395549,False
542,Person_542,51,67488.705730571,Finance,2021-06-25,1.1423187660966585,False
543,Person_543,19,41860.92737362583,Finance,2021-06-26,1.6943065168562368,False
544,Person_544,49,63156.52968179439,Marketing,2021-06-27,9.200514566620711,False
545,Person_545,40,56955.85786085648,HR,2021-06-28,4.19374747671533,False
546,Person_546,39,58667.253363217096,HR,2021-06-29,4.822943773825476,False
547,Person_547,68,42735.362291204474,HR,2021-06-30,2.9380994324429737,False
548,Person_548,42,44680.637255997586,Marketing,2021-07-01,6.373861931680478,False
549,Person_549,75,22298.413482928976,HR,2021-07-02,6.353228932100107,False
550,Person_550,79,41499.95881234841,Sales,2021-07-03,4.349803526426973,False
551,Person_551,78,51239.83939167547,Finance,2021-07-04,3.997313846248585,False
552,Person_552,39,36060.017088465895,Sales,2021-07-05,8.964678773625291,False
553,Person_553,75,38295.47519214643,HR,2021-07-06,4.449558156779812,True
554,Person_554,75,59602.84735560686,Sales,2021-07-07,5.441508929389674,False
555,Person_555,39,56041.5243798964,HR,2021-07-08,3.5497428618243756,False
556,Person_556,66,60347.94874694451,Marketing,2021-07-09,8.080925530214145,True
557,Person_557,69,32551.69189864394,Sales,2021-07-10,4.577033412091825,False
559,Person_559,23,31763.699387491244,Marketing,2021-07-12,3.2802145305369526,False
560,Person_560,32,52313.709706011025,Engineering,2021-07-13,9.888936331071266,False
561,Person_561,71,47620.167561971204,HR,2021-07-14,3.6234616683135057,False
562,Person_562,60,32200.37723952429,Finance,2021-07-15,5.745386628237309,True
563,Person_563,77,44446.858657801255,HR,2021-07-16,4.8474608532108325,True
564,Person_564,54,50349.61401328805,Finance,2021-07-17,2.855956645757259,False
565,Person_565,50,51239.83939167547,HR,2021-07-18,8.19746887568375,False
566,Person_566,25,64058.35432302274,Marketing,2021-07-19,4.002461101261389,False
567,Person_567,70,47575.613818062935,Sales,2021-07-20,8.7867401265803,False
568,Person_568,77,29880.8799347257,Sales,2021-07-21,9.237314664260408,False
569,Person_569,61,28608.117009960544,Engineering,2021-07-22,8.738414518521484,False
570,Person_570,61,59092.476359171844,Finance,2021-07-23,1.3150712332612509,False
571,Person_571,22,27698.438259494957,Finance,2021-07-24,8.086360105045951,False
572,Person_572,56,54746.39109573625,Finance,2021-07-25,4.702055198492295,False
573,Person_573,21,51239.83939167547,Marketing,2021-07-26,8.863506281640026,False
574,Person_574,23,35069.669541139745,Finance,2021-07-27,6.741588364162649,True
575,Person_575,62,63361.071256623356,Sales,2021-07-28,8.502788207295627,False
576,Person_576,49,51239.83939167547,Marketing,2021-07-29,5.494885928801518,False
577,Person_577,69,54446.88400997838,HR,2021-07-30,5.815229541390395,True
578,Person_578,47,49387.130996059874,Finance,2021-07-31,2.299488689203005,True
579,Person_579,64,48215.0303640366,Finance,2021-08-01,8.055886228204198,False
580,Person_580,52,32331.550355291412,HR,2021-08-02,4.774506505002744,False
581,Person_581,72,35944.66993400111,Finance,2021-08-03,5.500721064444243,False
582,Person_582,57,74282.03037530897,HR,2021-08-04,8.065879426861368,False
583,Person_583,69,68227.3251330763,Marketing,2021-08-05,6.389608600714951,False
584,Person_584,33,61131.268827856984,Sales,2021-08-06,2.809888546984007,False
585,Person_585,30,64097.72155294532,HR,2021-08-07,6.312093932358034,False
586,Person_586,67,62690.20317006903,Engineering,2021-08-08,4.668695721816902,False
587,Person_587,77,45149.65681570687,HR,2021-08-09,5.225729878394764,False
588,Person_588,59,50714.05327721527,Finance,2021-08-10,1.25480146962401,False
589,Person_589,47,27912.374329384867,Marketing,2021-08-11,2.8902641456465346,False
590,Person_590,36,48654.56559788711,Marketing,2021-08-12,3.5293427324292543,False
591,Person_591,34,67751.2137430878,HR,2021-08-13,7.416640070729252,True
592,Person_592,73,40089.39127614297,Sales,2021-08-14,1.103432259683038,True
593,Person_593,36,65347.118070308396,Engineering,2021-08-15,4.678995351062189,False
594,Person_594,45,51373.78608040645,Marketing,2021-08-16,9.316241833831596,False
595,Person_595,75,29219.422014954016,Finance,2021-08-17,2.0069255489421147,False
596,Person_596,72,33390.207299805326,Finance,2021-08-18,5.647819493967499,True
597,Person_597,43,63789.54304561632,Sales,2021-08-19,8.078701441517623,True
598,Person_598,54,51239.83939167547,Marketing,2021-08-20,9.48278176768105,False
599,Person_599,43,51526.46109481438,HR,2021-08-21,7.720989755803462,False
600,Person_600,70,45889.52278628082,Finance,2021-08-22,7.485089937799655,False
601,Person_601,79,53158.51966442878,Sales,2021-08-23,8.438392811761862,False
602,Person_602,40,63204.443738798735,Marketing,2021-08-24,5.015810988797893,False
603,Person_603,26,72137.79920730928,Marketing,2021-08-25,8.252600793560497,False
604,Person_604,29,72855.26299160907,Marketing,2021-08-26,1.0716796427090602,False
605,Person_605,70,55579.39851137747,Marketing,2021-08-27,9.321049498391243,False
606,Person_606,18,47421.02464453219,Marketing,2021-08-28,5.745386628237309,False
607,Person_607,75,52193.720117282835,Finance,2021-08-29,5.745386628237309,False
608,Person_608,75,57831.8053588262,Sales,2021-08-30,3.293940240233941,False
609,Person_609,18,57771.00415767637,Marketing,2021-08-31,7.682777495563792,False
610,Person_610,64,69619.79955710158,Engineering,2021-09-01,1.6897222582772393,True
611,Person_611,51,81736.33582874983,Engineering,2021-09-02,8.853722222921517,False
612,Person_612,49,46921.180555788706,Sales,2021-09-03,8.453051461057084,False
613,Person_613,79,82338.27363236694,HR,2021-09-04,2.9445410462028976,False
614,Person_614,71,67583.5887013759,HR,2021-09-05,8.28391958456736,False
615,Person_615,65,48487.65514722188,HR,2021-09-06,8.077219597553334,False
616,Person_616,42,72478.4725829762,Engineering,2021-09-07,6.689949379785541,True
617,Person_617,57,75284.72452128747,HR,2021-09-08,4.361681592097188,False
618,Person_618,62,43095.5683370923,Finance,2021-09-09,3.4434887876368108,False
619,Person_619,70,75983.22878728472,Marketing,2021-09-10,3.08605231260415,False
620,Person_620,18,66126.24231553945,Engineering,2021-09-11,3.8674806648724647,False
621,Person_621,33,85528.38691968788,Sales,2021-09-12,9.132025990892773,False
622,Person_622,78,43639.421270007515,Sales,2021-09-13,5.745386628237309,False
623,Person_623,56,44698.59884396006,Marketing,2021-09-14,8.459841486276627,False
624,Person_624,22,51239.83939167547,Engineering,2021-09-15,4.140010675376412,False
625,Person_625,39,58567.90880851943,HR,2021-09-16,5.6943945641022236,False
626,Person_626,46,55628.768834280774,HR,2021-09-17,8.150370702836415,False
627,Person_627,72,41555.094926965,Finance,2021-09-18,8.959388923206742,False
628,Person_628,20,48772.23902767913,Finance,2021-09-19,4.103032780653823,False
629,Person_629,29,30331.68484737327,HR,2021-09-20,5.156591331475993,False
630,Person_630,43,51239.83939167547,Sales,2021-09-21,4.730644583351131,False
631,Person_631,33,42654.50788207535,Sales,2021-09-22,1.119259301535195,False
633,Person_633,54,47365.980489334506,Marketing,2021-09-24,5.132703103593056,False
634,Person_634,39,38605.717384275355,HR,2021-09-25,4.699842479923958,False
635,Person_635,74,43815.303218977075,Finance,2021-09-26,7.497363047641115,True
636,Person_636,46,51239.83939167547,Finance,2021-09-27,4.463232554989929,True
637,Person_637,31,57234.07836054413,HR,2021-09-28,5.404388040736032,False
638,Person_638,45,43701.50450331317,HR,2021-09-29,4.86647732919127,False
639,Person_639,22,51239.83939167547,Sales,2021-09-30,7.6656353400493344,False
640,Person_640,64,51239.83939167547,Marketing,2021-10-01,8.766751590882663,False
641,Person_641,66,70766.6316752847,Marketing,2021-10-02,5.787001711067627,False
642,Person_642,47,61361.83623975561,HR,2021-10-03,8.10488974775672,False
643,Person_643,63,50428.95165077516,Engineering,2021-10-04,3.671080138178655,False
644,Person_644,79,51239.83939167547,Finance,2021-10-05,5.872326491415418,True
645,Person_645,69,64284.40191555814,Finance,2021-10-06,4.107069583029752,False
648,Person_648,33,51149.24158187691,Sales,2021-10-09,8.934962340994414,False
649,Person_649,43,73530.63516516394,HR,2021-10-10,2.0934585197898885,True
650,Person_650,43,26846.932822473314,HR,2021-10-11,6.711753308386425,False
651,Person_651,65,69754.15344848843,Finance,2021-10-12,6.239294268200187,False
652,Person_652,38,56589.54136522206,HR,2021-10-13,2.065735352583387,False
653,Person_653,56,36676.83866829128,HR,2021-10-14,2.9070489739609817,False
654,Person_654,53,29554.405121733176,HR,2021-10-15,5.745386628237309,False
655,Person_655,50,39912.65790304574,Finance,2021-10-16,2.5023796373575133,False
656,Person_656,79,51239.83939167547,Sales,2021-10-17,3.193565342719076,False
657,Person_657,47,42656.908344627445,Sales,2021-10-18,3.4084071897553674,False
658,Person_658,54,59338.345000138725,HR,2021-10-19,4.021064497351537,False
659,Person_659,40,42855.49038546758,Finance,2021-10-20,7.744514075210431,False
660,Person_660,75,70824.69052150712,Sales,2021-10-21,6.147209834655406,False
661,Person_661,27,74899.21404087932,Sales,2021-10-22,9.876220047562613,False
662,Person_662,71,51239.83939167547,Sales,2021-10-23,5.745386628237309,False
663,Person_663,22,53459.613653965476,Finance,2021-10-24,7.7847856645323255,False
664,Person_664,53,15129.81091270296,Finance,2021-10-25,8.843215792388804,False
665,Person_665,51,39444.53761951091,HR,2021-10-26,7.110806437342378,False
666,Person_666,69,47869.422098384195,Marketing,2021-10-27,4.706782663757464,False
667,Person_667,48,51239.83939167547,Sales,2021-10-28,7.782351676711777,False
668,Person_668,27,47907.417867701435,Marketing,2021-10-29,2.833004239954164,False
669,Person_669,75,74151.01203040069,Finance,2021-10-30,3.947969486621192,False
670,Person_670,36,51239.83939167547,Finance,2021-10-31,5.920167295893599,False
671,Person_671,75,77175.3808417854,Finance,2021-11-01,6.178684485575335,False
672,Person_672,49,63270.89632631206,Marketing,2021-11-02,5.745386628237309,False
673,Person_673,18,54023.25212416543,Finance,2021-11-03,9.506027698804079,False
674,Person_674,73,39295.75166388854,HR,2021-11-04,7.26964544095651,False
675,Person_675,22,51239.83939167547,Finance,2021-11-05,5.46133375208702,True
676,Person_676,62,25606.734281168905,Engineering,2021-11-06,9.398145109674775,True
677,Person_677,21,51239.83939167547,Marketing,2021-11-07,4.951860087257456,True
678,Person_678,33,73064.17340111062,Engineering,2021-11-08,9.823920132433345,False
679,Person_679,41,28905.730571250766,Finance,2021-11-09,5.610562815191366,True
680,Person_680,33,41710.58007640698,HR,2021-11-10,2.028571929981815,True
681,Person_681,72,56497.17153847863,Sales,2021-11-11,7.883208752133495,False
682,Person_682,19,45507.36292741688,Finance,2021-11-12,7.110079525700565,False
683,Person_683,66,21219.878644522734,HR,2021-11-13,7.956880491750281,False
684,Person_684,45,40133.40859166467,Marketing,2021-11-14,9.56297825853113,False
686,Person_686,44,41150.32114378334,Engineering,2021-11-16,6.502029419949822,False
687,Person_687,37,47547.98994946689,Engineering,2021-11-17,8.715780121247569,False
688,Person_688,41,32822.33863946929,Marketing,2021-11-18,7.059217954190784,False
689,Person_689,29,58816.44477925622,HR,2021-11-19,4.673071511433308,False
690,Person_690,67,51727.27698536876,Marketing,2021-11-20,8.970577878175959,False
691,Person_691,52,38869.70387664532,Engineering,2021-11-21,2.997104147059356,False
692,Person_692,77,30430.169062888624,Finance,2021-11-22,7.431771474178518,False
693,Person_693,50,71068.15061016314,Sales,2021-11-23,8.934071094466812,True
694,Person_694,50,25916.848900383797,Marketing,2021-11-24,7.581848677329666,True
695,Person_695,78,57557.23543384332,Marketing,2021-11-25,7.275478771484712,True
696,Person_696,68,17691.811329326403,HR,2021-11-26,7.7737446466465245,False
697,Person_697,60,60608.17524518574,HR,2021-11-27,5.1854972347057995,False
698,Person_698,54,64554.48330890091,Marketing,2021-11-28,8.867536139413234,True
699,Person_699,29,66421.75567459871,Engineering,2021-11-29,2.830928276224821,False
700,Person_700,20,47581.87297145198,Sales,2021-11-30,2.146477744003054,False
701,Person_701,18,73760.05408345544,HR,2021-12-01,3.569579021066604,True
702,Person_702,50,84616.87542494101,Engineering,2021-12-02,5.784196570974938,False
703,Person_703,57,45175.65295931055,Finance,2021-12-03,5.595056158684043,True
704,Person_704,27,43234.92454805109,HR,2021-12-04,8.385388819089279,False
705,Person_705,60,52237.65890517404,Engineering,2021-12-05,4.641117907636157,False
706,Person_706,61,42834.79781158689,Engineering,2021-12-06,5.359099836623578,False
707,Person_707,46,40641.94705984819,Sales,2021-12-07,1.1203091493345607,True
708,Person_708,30,41948.92189637736,Sales,2021-12-08,4.687653127986452,False
709,Person_709,29,75736.34012009368,Finance,2021-12-09,6.8299680965530785,True
710,Person_710,48,61578.22992553148,Engineering,2021-12-10,1.1395749756393296,True
711,Person_711,63,42785.80809112863,Engineering,2021-12-11,3.527937686676194,False
713,Person_713,78,26833.032595902987,HR,2021-12-13,1.377868860186294,False
714,Person_714,68,57551.43623902817,HR,2021-12-14,5.313340809230837,False
715,Person_715,67,18176.66087916774,Marketing,2021-12-15,2.6355096390534083,False
716,Person_716,52,54394.90291177934,Sales,2021-12-16,7.687733856682421,True
717,Person_717,40,34016.544127024616,Marketing,2021-12-17,8.631350953870136,True
718,Person_718,34,51377.0866187101,Sales,2021-12-18,5.910266644022331,False
719,Person_719,43,51239.83939167547,Finance,2021-12-19,9.835366082690275,False
720,Person_720,25,51808.84900836066,Engineering,2021-12-20,5.054307143235358,False
721,Person_721,46,44083.672293822194,Finance,2021-12-21,5.745386628237309,False
722,Person_722,43,43590.715615884015,Sales,2021-12-22,9.902959785619752,False
723,Person_723,27,39188.14371595342,Engineering,2021-12-23,3.0839359236854396,False
724,Person_724,43,51239.83939167547,HR,2021-12-24,9.482913457092147,False
725,Person_725,79,62077.89012171423,HR,2021-12-25,1.3855379960720193,False
726,Person_726,51,31715.412161958106,Marketing,2021-12-26,5.017482012368753,False
727,Person_727,68,49225.57291561596,Sales,2021-12-27,1.630031609197592,False
728,Person_728,58,52948.73110231607,Sales,2021-12-28,7.563112686222787,False
729,Person_729,24,51239.83939167547,HR,2021-12-29,6.47568042292016,False
730,Person_730,21,52501.544293947765,Finance,2021-12-30,7.3597083712083675,False
731,Person_731,75,43969.47784482164,Engineering,2021-12-31,4.370323599712153,False
732,Person_732,70,54185.456381938086,Finance,2022-01-01,4.325337406282422,False
733,Person_733,67,59270.4306647543,Finance,2022-01-02,5.745386628237309,True
734,Person_734,62,52115.54983733846,HR,2022-01-03,4.149504455766758,False
735,Person_735,28,57589.09754800586,HR,2022-01-04,5.745386628237309,False
736,Person_736,46,64855.3011655626,HR,2022-01-05,4.413038834624041,False
737,Person_737,73,22235.89463157098,Marketing,2022-01-06,8.48230935599773,False
738,Person_738,53,64151.95762798051,Finance,2022-01-07,8.580929542749406,False
739,Person_739,42,55136.41647831912,Sales,2022-01-08,4.359170407413105,False
740,Person_740,38,33325.6200839191,Engineering,2022-01-09,6.687898123565701,False
741,Person_741,78,62037.06323479533,Marketing,2022-01-10,1.8583444204575277,False
742,Person_742,74,44025.18640964058,Sales,2022-01-11,1.9331072266084885,False
743,Person_743,53,46070.503455221704,Finance,2022-01-12,1.4379189729554198,False
744,Person_744,27,42384.80326301507,HR,2022-01-13,6.229135840375985,True
745,Person_745,54,54535.98266357337,Finance,2022-01-14,4.834638798634874,False
746,Person_746,26,38219.7028623192,Engineering,2022-01-15,5.932291209978161,True
747,Person_747,41,63522.119449216785,Marketing,2022-01-16,5.689658714575491,False
748,Person_748,52,47917.06119207993,Marketing,2022-01-17,4.151826919816573,False
749,Person_749,66,44536.96274768094,Engineering,2022-01-18,7.097260733411256,False
750,Person_750,52,61293.135164209554,Sales,2022-01-19,7.826516928247516,False
751,Person_751,65,51239.83939167547,Sales,2022-01-20,1.1316543298990815,True
752,Person_752,53,64222.65238043452,Marketing,2022-01-21,2.8651806979199046,False
753,Person_753,35,64693.89426261299,Marketing,2022-01-22,7.4191228127500315,False
754,Person_754,66,29977.942426715344,HR,2022-01-23,4.479581553704508,False
755,Person_755,56,66638.90303334386,Sales,2022-01-24,6.962355522474473,False
756,Person_756,49,28069.460427471717,Engineering,2022-01-25,4.122663937611026,True
757,Person_757,41,67573.70790323766,Sales,2022-01-26,4.516796370966734,True
758,Person_758,40,80425.35788345359,HR,2022-01-27,2.4281098632071645,True
759,Person_759,79,63122.51657403697,Marketing,2022-01-28,3.3240791769954403,True
760,Person_760,49,17645.290329504904,Marketing,2022-01-29,6.448705817568285,False
761,Person_761,54,65953.48579079028,HR,2022-01-30,4.898468001836497,False
762,Person_762,29,83691.93448904017,Engineering,2022-01-31,7.968724146501357,False
763,Person_763,66,45454.52538502956,Marketing,2022-02-01,8.673264594445085,False
764,Person_764,72,49479.45019955165,Finance,2022-02-02,5.745386628237309,True
765,Person_765,30,32172.69917110352,Marketing,2022-02-03,5.745386628237309,False
766,Person_766,40,54681.19128229504,Finance,2022-02-04,3.76214061875113,True
767,Person_767,42,69037.65773814694,HR,2022-02-05,4.734740938600703,False
768,Person_768,52,60466.05692224181,HR,2022-02-06,5.745386628237309,False
770,Person_770,47,50495.40564448696,Sales,2022-02-08,6.2965444164308995,False
771,Person_771,34,25539.899488771036,Finance,2022-02-09,2.6683550117426034,False
772,Person_772,66,52564.56457352329,Engineering,2022-02-10,6.397941834734482,False
773,Person_773,79,51239.83939167547,Marketing,2022-02-11,8.753623365042042,False
774,Person_774,37,51239.83939167547,Engineering,2022-02-12,8.81775675841083,True
775,Person_775,65,74365.73087900318,Marketing,2022-02-13,7.519099656965857,False
776,Person_776,42,54877.00472947657,Sales,2022-02-14,7.711780411685134,False
777,Person_777,39,52691.25219246903,Sales,2022-02-15,6.021347006356306,True
778,Person_778,30,77311.70565073035,Sales,2022-02-16,6.262012811492423,False
779,Person_779,76,45941.00162504945,Sales,2022-02-17,2.202855232694662,True
780,Person_780,36,68927.30619401163,HR,2022-02-18,4.9947326957917095,False
781,Person_781,66,51939.60462749511,HR,2022-02-19,5.056986554977274,True
782,Person_782,53,55700.711951885394,Finance,2022-02-20,9.626480521009661,False
783,Person_783,29,51239.83939167547,Engineering,2022-02-21,4.879781763609605,False
784,Person_784,78,42769.29807757675,Marketing,2022-02-22,5.944083804124819,False
785,Person_785,58,29037.226507341897,Marketing,2022-02-23,5.745386628237309,False
786,Person_786,36,48571.323826619824,HR,2022-02-24,6.730855453398944,False
787,Person_787,29,51239.83939167547,Marketing,2022-02-25,7.734095481987063,False
788,Person_788,26,33349.42842362822,HR,2022-02-26,3.025376885537849,False
789,Person_789,24,80737.68384027235,Finance,2022-02-27,5.758519771885921,False
790,Person_790,45,54171.59028637941,Engineering,2022-02-28,8.433259365844274,True
791,Person_791,31,50866.93378377829,Finance,2022-03-01,5.1680324245376035,True
792,Person_792,48,51239.83939167547,Sales,2022-03-02,3.506117917362157,False
793,Person_793,69,37566.07878701117,Sales,2022-03-03,6.892381678206692,False
794,Person_794,36,52452.1621875118,Sales,2022-03-04,8.413906562192107,False
795,Person_795,75,39247.00669463613,Finance,2022-03-05,1.568262636346522,False
796,Person_796,64,73380.19865133474,Marketing,2022-03-06,7.991114350665044,False
797,Person_797,33,34120.40975904378,Engineering,2022-03-07,8.394831396655942,False
798,Person_798,70,50947.4818896076,Sales,2022-03-08,5.153706348297462,False
799,Person_799,22,54939.73677727664,Sales,2022-03-09,9.849750911366206,False
800,Person_800,52,55922.386166115524,Sales,2022-03-10,8.080375066365782,True
801,Person_801,29,41281.472403757514,Engineering,2022-03-11,7.962963084060992,False
802,Person_802,42,36567.35896782353,Sales,2022-03-12,7.730547169708646,True
803,Person_803,69,41498.072404308514,Engineering,2022-03-13,2.355472928964466,True
804,Person_804,76,57924.881513154236,Sales,2022-03-14,2.9550779780770973,False
805,Person_805,38,47842.313436320546,Finance,2022-03-15,5.175911183179825,False
806,Person_806,53,61943.13212678782,Finance,2022-03-16,3.3760391496351927,False
807,Person_807,70,51239.83939167547,Engineering,2022-03-17,4.737168751006364,False
808,Person_808,40,15846.30952850588,Finance,2022-03-18,8.996176989306285,False
809,Person_809,33,53712.46695255816,Engineering,2022-03-19,8.418942026913424,True
810,Person_810,74,83756.82151724405,Finance,2022-03-20,5.745386628237309,False
811,Person_811,56,69879.03576557497,Finance,2022-03-21,8.723083548259932,False
812,Person_812,62,51239.83939167547,Engineering,2022-03-22,8.053951501155243,False
813,Person_813,70,34109.11804295084,Marketing,2022-03-23,4.860864386568014,False
814,Person_814,59,57163.30574188469,Finance,2022-03-24,2.809586368449506,False
815,Person_815,75,61096.24909817388,Sales,2022-03-25,5.627809360084052,False
816,Person_816,56,46193.79978758624,Marketing,2022-03-26,7.626059942756951,False
817,Person_817,31,54751.130882066565,Engineering,2022-03-27,4.927776388566337,False
818,Person_818,48,72644.9368759406,Marketing,2022-03-28,7.000947188055075,False
819,Person_819,75,37140.88370387411,HR,2022-03-29,1.8489468366193926,False
820,Person_820,22,34125.5059256131,HR,2022-03-30,7.732042627342631,False
821,Person_821,52,60390.48988991319,Finance,2022-03-31,8.314422579037558,False
822,Person_822,40,56863.13954297121,Finance,2022-04-01,7.36154070202487,False
823,Person_823,46,65432.57443119217,Sales,2022-04-02,9.70537228773729,False
824,Person_824,60,51239.83939167547,Marketing,2022-04-03,8.439868517145763,False
825,Person_825,28,41483.6740523871,HR,2022-04-04,9.127843550888844,True
826,Person_826,35,56482.88977198107,Finance,2022-04-05,9.402139751118833,True
827,Person_827,64,32868.101850557396,Marketing,2022-04-06,8.212131926864277,False
828,Person_828,29,51239.83939167547,Finance,2022-04-07,7.068329578058492,False
829,Person_829,26,57541.98846449606,Finance,2022-04-08,1.0514672322471035,True
830,Person_830,27,44592.286749141655,HR,2022-04-09,5.192431779008122,False
831,Person_831,75,87020.78273344741,HR,2022-04-10,6.140460687601249,True
832,Person_832,61,21617.236267644996,Finance,2022-04-11,3.7362724520319968,False
834,Person_834,78,35933.30249195134,Finance,2022-04-13,9.650434741391486,True
835,Person_835,55,39494.7678881307,Finance,2022-04-14,9.025397786824714,True
836,Person_836,24,40355.02664778682,Sales,2022-04-15,8.642611049515338,False
837,Person_837,63,30103.689697115104,Sales,2022-04-16,4.654106215354996,False
838,Person_838,30,61290.53222858941,Sales,2022-04-17,1.123286953680231,False
839,Person_839,57,41793.570539193475,Engineering,2022-04-18,1.7220002181014267,False
840,Person_840,59,52453.60003382982,Engineering,2022-04-19,3.809767313958433,False
841,Person_841,26,43477.61357134632,Finance,2022-04-20,1.1416862169610928,True
842,Person_842,67,39636.79381570686,Sales,2022-04-21,1.1543480372367831,False
843,Person_843,44,75084.18854130275,Engineering,2022-04-22,9.2494297147817,True
844,Person_844,75,63843.98273314112,HR,2022-04-23,7.355426519071487,False
845,Person_845,19,21976.99400067283,Finance,2022-04-24,3.780603910613374,False
846,Person_846,22,51239.83939167547,Marketing,2022-04-25,2.1938011984085786,False
847,Person_847,46,65639.1325345473,Finance,2022-04-26,5.604721461055694,True
848,Person_848,54,51239.83939167547,Marketing,2022-04-27,1.04811544768928,False
849,Person_849,55,25263.76499098666,Sales,2022-04-28,9.445723694723297,True
850,Person_850,36,65686.02698810512,Marketing,2022-04-29,4.733336074500524,True
851,Person_851,25,52536.860751486354,Sales,2022-04-30,4.621014597135995,False
852,Person_852,65,53773.56627248479,HR,2022-05-01,4.51534246823604,False
853,Person_853,62,62143.08908008861,Marketing,2022-05-02,1.6239549734898828,False
854,Person_854,18,30350.342625764097,Finance,2022-05-03,6.744900158126439,True
855,Person_855,39,25527.48767923753,Sales,2022-05-04,7.59703257665518,False
856,Person_856,69,73714.31442354803,Finance,2022-05-05,7.085128578294612,False
857,Person_857,34,28442.498588865612,Engineering,2022-05-06,2.245919439964549,False
858,Person_858,24,31666.43304386654,Sales,2022-05-07,6.209561512320333,False
859,Person_859,42,34663.46930681351,Marketing,2022-05-08,6.125360357550284,False
860,Person_860,62,81199.18885535783,Sales,2022-05-09,8.815697091472439,False
861,Person_861,21,57400.74950617284,Finance,2022-05-10,4.412148925380823,False
862,Person_862,53,64481.119616530705,HR,2022-05-11,4.343373492934908,False
863,Person_863,23,52942.51318368093,Sales,2022-05-12,6.56674352846367,False
864,Person_864,77,40971.691831981494,Marketing,2022-05-13,6.697653881495617,False
865,Person_865,48,59469.36924890252,Engineering,2022-05-14,5.223567045932113,False
866,Person_866,36,26650.76043804795,HR,2022-05-15,4.98753426097379,False
867,Person_867,78,33570.74821855257,Engineering,2022-05-16,5.447329035740944,False
868,Person_868,61,60994.62768892222,Sales,2022-05-17,8.749407695529808,False
869,Person_869,71,29641.1715375983,Finance,2022-05-18,5.15050211128519,True
870,Person_870,56,47163.7779625719,Finance,2022-05-19,9.459386127728402,True
871,Person_871,44,47847.314834668825,Marketing,2022-05-20,5.536033872366934,False
872,Person_872,27,42070.06994994257,Finance,2022-05-21,9.542806238628023,False
873,Person_873,43,20733.222877267144,HR,2022-05-22,8.495487116821682,False
874,Person_874,36,40566.06663216961,Finance,2022-05-23,4.261881903542462,False
875,Person_875,56,37625.47434601272,Marketing,2022-05-24,8.772772791669544,False
876,Person_876,79,52421.59794931548,Sales,2022-05-25,1.990569557810037,True
877,Person_877,20,51657.35808049203,Sales,2022-05-26,9.32542457808713,True
878,Person_878,62,55669.42189905311,Finance,2022-05-27,6.684791635746024,False
879,Person_879,30,39860.205905384035,Engineering,2022-05-28,5.745386628237309,False
880,Person_880,67,57841.669256988374,Sales,2022-05-29,6.798310512857304,False
881,Person_881,45,26659.899008394754,Finance,2022-05-30,9.768228887302804,False
882,Person_882,79,22671.429010214688,Marketing,2022-05-31,1.6282058915316604,False
883,Person_883,75,14966.409137500581,Finance,2022-06-01,5.992189388020777,False
884,Person_884,37,42510.54140642004,Sales,2022-06-02,7.730149147834352,False
885,Person_885,45,38700.52663492164,Marketing,2022-06-03,8.292327280295781,True
886,Person_886,25,61839.734177819,Finance,2022-06-04,4.724447187887162,False
887,Person_887,78,51239.83939167547,HR,2022-06-05,2.837499032514187,False
889,Person_889,56,62199.448648746155,HR,2022-06-07,6.217535413875023,True
890,Person_890,18,39705.213865263264,Engineering,2022-06-08,5.076199632408497,False
891,Person_891,20,54470.78315160763,Marketing,2022-06-09,9.5386995563474,False
892,Person_892,30,51239.83939167547,HR,2022-06-10,1.545444169434188,False
893,Person_893,45,31427.55837791649,Sales,2022-06-11,7.168558091014051,True
894,Person_894,79,50372.785073669664,Sales,2022-06-12,1.2246959990805144,False
895,Person_895,74,51239.83939167547,Engineering,2022-06-13,2.5429075903948846,False
896,Person_896,77,32382.651762602924,Marketing,2022-06-14,5.082210999305508,False
897,Person_897,66,26953.223892646565,Marketing,2022-06-15,5.093851985225814,False
898,Person_898,42,32140.27141731949,Marketing,2022-06-16,7.171304886402795,False
899,Person_899,73,50900.43508628019,Engineering,2022-06-17,5.745386628237309,False
900,Person_900,50,25837.3331665738,Marketing,2022-06-18,6.751289430234287,False
901,Person_901,55,41739.094638670445,Sales,2022-06-19,9.58181588066358,False
902,Person_902,70,62197.91610279346,HR,2022-06-20,8.934540758901978,False
903,Person_903,23,56735.164451284036,Sales,2022-06-21,6.2604981597771125,False
904,Person_904,75,42042.38565592765,Sales,2022-06-22,8.504127558269445,True
905,Person_905,61,75345.35620038086,HR,2022-06-23,6.783198492912707,False
906,Person_906,62,51239.83939167547,Sales,2022-06-24,1.7070204783135443,False
907,Person_907,49,50391.836473095886,Engineering,2022-06-25,7.66508250933559,True
909,Person_909,78,63296.722955243895,Sales,2022-06-27,6.346745025127412,False
910,Person_910,64,15590.354899496218,Finance,2022-06-28,7.3237618527240596,False
911,Person_911,38,51239.83939167547,Sales,2022-06-29,1.5987484738976971,True
912,Person_912,33,51239.83939167547,Engineering,2022-06-30,3.077151885338786,False
913,Person_913,71,76613.1875620703,Marketing,2022-07-01,9.241050090354848,False
915,Person_915,28,44579.21349227243,Marketing,2022-07-03,3.216574169294784,False
916,Person_916,77,43248.48299464664,Finance,2022-07-04,7.21611794033206,True
917,Person_917,54,41806.09743453654,Sales,2022-07-05,6.370987779655207,False
918,Person_918,53,64716.02980512054,HR,2022-07-06,5.514181299261535,True
919,Person_919,52,60684.07234258817,Marketing,2022-07-07,9.785682774892754,False
920,Person_920,36,51803.384501513196,Finance,2022-07-08,7.15108399666758,False
921,Person_921,37,39167.28038109542,HR,2022-07-09,4.378969987011214,False
923,Person_923,35,63685.619209443044,HR,2022-07-11,8.96124963629069,False
924,Person_924,64,26034.321203398868,HR,2022-07-12,2.126985035651483,True
925,Person_925,58,42256.1597609431,Sales,2022-07-13,2.8049768006073985,False
926,Person_926,66,63976.64146113058,Sales,2022-07-14,2.9460430821500174,False
927,Person_927,31,38006.91618150974,Sales,2022-07-15,7.220906284478863,False
928,Person_928,32,55273.219382388335,Finance,2022-07-16,6.42735599547955,False
931,Person_931,70,51239.83939167547,Engineering,2022-07-19,7.983203795265753,True
932,Person_932,71,48968.137303476826,Finance,2022-07-20,2.1514323206060486,True
933,Person_933,71,43818.91316474316,Sales,2022-07-21,4.127563741826629,False
934,Person_934,20,51239.83939167547,Sales,2022-07-22,5.745386628237309,True
935,Person_935,33,59862.79411243812,Engineering,2022-07-23,4.563654298728444,True
936,Person_936,40,52130.764164869135,Engineering,2022-07-24,7.023777482456913,False
937,Person_937,74,51239.83939167547,Finance,2022-07-25,9.027037929309063,False
938,Person_938,28,59489.319496764045,Marketing,2022-07-26,3.7544631717050923,True
939,Person_939,29,50735.801139115356,Engineering,2022-07-27,5.966894227790671,False
940,Person_940,27,46539.493802067824,HR,2022-07-28,8.104684797222271,False
941,Person_941,49,30315.809219916213,Sales,2022-07-29,4.7459625296081445,False
942,Person_942,33,26560.178221008824,HR,2022-07-30,2.5130631555936627,False
943,Person_943,25,30031.553109288943,Sales,2022-07-31,5.274558687373734,True
944,Person_944,55,54174.93591830322,Sales,2022-08-01,5.745386628237309,False
945,Person_945,29,48813.818785904725,Engineering,2022-08-02,9.481451086020492,False
946,Person_946,41,27795.738526888053,Engineering,2022-08-03,1.6733908467547574,False
947,Person_947,45,59688.767386907166,HR,2022-08-04,4.946110437255204,False
948,Person_948,70,70614.64269768643,Sales,2022-08-05,5.768931349796736,False
949,Person_949,25,41022.595749254964,HR,2022-08-06,9.867734490585569,False
950,Person_950,75,23885.27213947439,Marketing,2022-08-07,2.494196412785747,False
951,Person_951,45,39363.10422647131,HR,2022-08-08,2.029883667511227,False
952,Person_952,53,62816.90940192041,Finance,2022-08-09,1.0783553235628922,True
953,Person_953,43,58227.94787802161,HR,2022-08-10,2.4001429318237206,True
954,Person_954,25,36163.50970982782,Finance,2022-08-11,2.8654568116090084,False
955,Person_955,75,72817.58206647114,Finance,2022-08-12,6.675228474247831,False
956,Person_956,77,70224.20098889599,Finance,2022-08-13,2.9773611135226035,False
957,Person_957,67,39004.90905085039,Marketing,2022-08-14,1.1846873325639269,False
958,Person_958,45,38850.6499555255,HR,2022-08-15,8.439565109522398,False
959,Person_959,45,41107.580939307656,HR,2022-08-16,4.290361309035701,True
960,Person_960,54,42390.00836917181,Marketing,2022-08-17,4.183270179226605,False
961,Person_961,58,64258.070118926655,Sales,2022-08-18,3.7223112625113393,True
962,Person_962,53,56379.93590714891,Engineering,2022-08-19,9.778359494317789,False
963,Person_963,44,63156.18154025881,HR,2022-08-20,2.531038755783533,False
964,Person_964,71,60103.4771478005,Engineering,2022-08-21,9.084142575579117,False
965,Person_965,34,75717.90602290598,Marketing,2022-08-22,7.991229989258992,False
966,Person_966,26,34109.216842862894,Sales,2022-08-23,1.6883195994938176,True
967,Person_967,50,55705.37795575874,Sales,2022-08-24,9.880561913507638,False
968,Person_968,70,17392.681156479535,Sales,2022-08-25,3.442293671851095,False
969,Person_969,37,30245.666388547124,Marketing,2022-08-26,1.887246343201711,False
970,Person_970,30,48877.19921097729,Finance,2022-08-27,8.463828107131835,False
971,Person_971,45,56273.09919131804,Finance,2022-08-28,7.360079803099299,False
972,Person_972,65,48472.76386955646,Engineering,2022-08-29,6.554969252901107,False
973,Person_973,46,41492.11371780983,Finance,2022-08-30,2.4038277732903985,False
974,Person_974,30,44158.731837604435,Finance,2022-08-31,5.306465046303657,False
975,Person_975,63,70541.61464636156,Sales,2022-09-01,8.025004241984924,False
976,Person_976,52,44239.51733179789,Sales,2022-09-02,3.7326154432945624,False
977,Person_977,78,76238.62433065292,Engineering,2022-09-03,3.805208456635373,False
978,Person_978,23,61910.256103117004,HR,2022-09-04,5.745386628237309,False
979,Person_979,35,56863.06019222346,Engineering,2022-09-05,2.568190614808416,False
980,Person_980,68,32096.046345185066,Engineering,2022-09-06,8.878650626096508,False
981,Person_981,22,64028.5724209944,Marketing,2022-09-07,4.975718424739364,True
982,Person_982,64,42593.44133377251,Marketing,2022-09-08,9.858110493109905,False
983,Person_983,42,32083.403629914505,Engineering,2022-09-09,4.5613716721641335,False
984,Person_984,19,57692.65419619066,Engineering,2022-09-10,5.745386628237309,True
985,Person_985,27,29180.809091501906,Engineering,2022-09-11,3.537271386142562,False
986,Person_986,73,38566.37806805626,Finance,2022-09-12,4.274286770268402,False
987,Person_987,47,49848.26132796633,Marketing,2022-09-13,2.716533888318052,True
988,Person_988,67,83276.32136172091,Engineering,2022-09-14,4.123561316494555,True
989,Person_989,76,39696.26366311269,Sales,2022-09-15,5.925137683785788,True
990,Person_990,62,43126.752210491366,Sales,2022-09-16,9.925955928813245,False
991,Person_991,22,51239.83939167547,Finance,2022-09-17,6.977815417646071,True
992,Person_992,72,31425.56467435931,Finance,2022-09-18,2.7932135896748265,False
993,Person_993,73,56642.09571531373,HR,2022-09-19,1.4046529743239602,False
994,Person_994,50,68088.90211424882,HR,2022-09-20,2.137208331830595,False
995,Person_995,71,45393.57672933348,HR,2022-09-21,6.062996811457427,False
996,Person_996,18,65392.31422095298,Finance,2022-09-22,7.886442959350897,True
997,Person_997,35,54371.74884817709,Finance,2022-09-23,9.463772865706723,False
998,Person_998,49,39039.77054294329,Finance,2022-09-24,1.1424085479713875,False
999,Person_999,64,47032.9297115524,Sales,2022-09-25,5.704841274056828,False
1000,Person_1000,66,44303.639900296366,Finance,2022-09-26,5.237806206008591,False
